id;name;email_address;about_me;created
1;till;uncurl questionable mansard;jaw worse;2024-08-23
2;implore;cluttered;speedy;2024-08-24
3;pro landmine;consequently forenenst;boo than;2024-08-23
4;down snowplow;slight;once;2024-08-23
5;mid inwardly;gleaming excluding;proper lovingly;2024-08-23
6;afore;eek excitedly junior;astride piercing how;2024-08-23
7;whoa;broken lest;joyful hmph boohoo;2024-08-23
8;iron athwart;hmph hopelessly collagen;blister;2024-08-24
9;on duh;hmph culminate;dense minus aboard;2024-08-23
10;because lustrous;duh ick;drawing modulo;2024-08-24
